original_text,target_simple_text,llama3_zero_shot
"Lech Walesa ( Polish : ) ( , Ë lÉ k vÉ Ë wÉ nsÉ or ; born 29 September 1943 ) is a Polish politician , trade-union organizer , and human-rights activist . A charismatic leader , he co-founded Solidarity ( SolidarnoÅ Ä ) , the Soviet bloc 's first independent trade union , won the Nobel Peace Prize in 1983 , and served as President of Poland 1990 â `` 95 .","Lech Walesa ( Polish : Lech WaÅ Ä sa ( pronounced ( lÉ x vaË wÉ Ì sa ) ) ( born September 29 , 1943 ) was a Polish shipyard worker and a politician who used to be the leader of Solidarity and the President of Poland , he won the Nobel Peace Prize in 1983 .","• 🎓 **Polish Politics**: Lech Walesa is a Polish politician who played a significant role in shaping the country's politics, including serving as President from 1990 to 1995.
• 💼 **Trade-Union Organizing**: Walesa co-founded Solidarity, the first independent trade union in the Soviet bloc, which became a powerful force in promoting workers' rights and social change.
• 🏆 **Human Rights Activism**: As a human-rights activist, Walesa won the Nobel Peace Prize in 1983 for his efforts to promote democracy and freedom in Eastern Europe."
"John Wesley was born in 1703 in Epworth , 23 miles ( 37 km ) northwest of Lincoln , England , the fifteenth child of Samuel Wesley and his wife Susannh Annesley . His father was a graduate of the University of Oxford and a Church of England rector .","John Wesley was born in Epworth , England 23 miles ( 37 km ) north west of Lincoln . , the son of Samuel Wesley , a graduate of Oxford , and minister of the Church of England .","• 📚 **Biography** of John Wesley begins with his birth in 1703 in Epworth, England.
• 👪 **Family Background**: John Wesley was the 15th child of Samuel Wesley, a University of Oxford graduate, and Susannh Annesley.
• 🏫 **Occupation**: His father, Samuel Wesley, held the position of Church of England rector."
"This means that teams could change drivers between rounds , which was often necessary because some drivers had commitments in other formulae , and still accumulate points to their score .",Teams could change drivers between rounds and still accumulate points to their score .,"• ⏱️ **Flexibility**: Teams can switch drivers between rounds while accumulating points.
• 🔄 **Team Management**: Driver changes are necessary due to external commitments in other formulae.
• 📊 **Scoring System**: Teams can earn points with different drivers, allowing for flexible scoring."
The mere fact that a sentence is long does not make it a run-on sentence ; sentences are run-ons only when they contain more than one complete idea . A run-on sentence can be as short as four wordsâ '' for instance : I drive she walks .,"A run-on sentence is two or more sentences , put together into one sentence , without anything to join them together .","🔹 **Run-on Sentence** 💡: A run-on sentence occurs when two or more independent clauses (i.e., **complete ideas**) are joined without proper punctuation.

🔹 👉 **Definition of a Run-on Sentence**: It is not about the length of the sentence, but rather whether it contains multiple complete thoughts that need to be separated with punctuation or conjunctions.

🔹 🚫 **Examples and Consequences**: Run-on sentences can range from short (e.g., ""I drive she walks"") to long, and they can cause confusion and make writing harder to read."
It replaced several individual buildings dating from the Middle Ages and now occupies an entire city block .,It replaced several individual buildings dating from the Middle Ages and now fills an entire city block .,"🏛️ **Historic Architecture**: The site features a collection of medieval buildings that have been preserved and restored.
🗺️ **Urban Planning**: The complex is situated in a single city block, making it a unique example of urban planning in the Middle Ages.
🕰️ **Time Period**: The buildings date back to the Middle Ages, showcasing the architecture and design of the time period."
